name,twitter,domain,type,FirstName,LastName
katy perry,katyperry,katyperry.com,celebrity,katy,perry
justin bieber,justinbieber,smarturl.it,celebrity,justin,bieber
taylor swift,taylorswift13,grmypro.co,celebrity,taylor,swift
rihanna,rihanna,rihannanow.com,celebrity,rihanna,
the countess,ladygaga,,celebrity,the,countess
justin timberlake,jtimberlake,justintimberlake.com,celebrity,justin,timberlake
ellen degeneres,TheEllenShow,ellentube.com,celebrity,ellen,degeneres
britney spears,britneyspears,britney.lk,celebrity,britney,spears
cristiano ronaldo,Cristiano,,celebrity,cristiano,ronaldo
kim kardashian west,KimKardashian,AppStore.com,celebrity,kim,kardashian
katy perry,katyperry,katyperry.com,celebrity,katy,perry
justin bieber,justinbieber,smarturl.it,celebrity,justin,bieber
taylor swift,taylorswift13,grmypro.co,celebrity,taylor,swift
rihanna,rihanna,rihannanow.com,celebrity,rihanna,
the countess,ladygaga,,celebrity,the,countess
justin timberlake,jtimberlake,justintimberlake.com,celebrity,justin,timberlake
ellen degeneres,TheEllenShow,ellentube.com,celebrity,ellen,degeneres
britney spears,britneyspears,britney.lk,celebrity,britney,spears
cristiano ronaldo,Cristiano,,celebrity,cristiano,ronaldo
kim kardashian west,KimKardashian,AppStore.com,celebrity,kim,kardashian
shakira,shakira,rov.io,celebrity,shakira,
selena gomez,selenagomez,smarturl.it,celebrity,selena,gomez
jennifer lopez,JLo,jlo.lk,celebrity,jennifer,lopez
ariana grande,ArianaGrande,smarturl.it,celebrity,ariana,grande
demi lovato,ddlovato,demilovato.com,celebrity,demi,lovato
jimmy fallon,jimmyfallon,tonightshow.com,celebrity,jimmy,fallon
oprah winfrey,Oprah,oprah.com,celebrity,oprah,winfrey
p!nk,Pink,,celebrity,p!nk,
drizzy,Drake,octobersveryown.com,celebrity,drizzy,
harry styles.,Harry_Styles,onedirectionmusic.com,celebrity,harry,styles.
one direction,onedirection,onedirectionmusic.com,celebrity,one,direction
bill gates,BillGates,gatesnotes.com,celebrity,bill,gates
lebron james,KingJames,LeBronJames.com,celebrity,lebron,james
lil wayne weezy f,LilTunechi,youngmoney.com,celebrity,lil,wayne
bruno mars,BrunoMars,brunomars.com,celebrity,bruno,mars
kaka,KAKA,,celebrity,kaka,
adele,Adele,adele.com,celebrity,adele,
niall horan,NiallOfficial,onedirectionmusic.com,celebrity,niall,horan
miley ray cyrus,MileyCyrus,,celebrity,miley,ray
alicia keys,aliciakeys,aliciakeys.com,celebrity,alicia,keys
kevin hart,KevinHart4real,whatnowtour.com,celebrity,kevin,hart
cameron,wizkhalifa,wizkhalifa.com,celebrity,cameron,
pitbull,pitbull,youtube.com,celebrity,pitbull,
liam,Real_Liam_Payne,onedirectionmusic.com,celebrity,liam,
louis tomlinson,Louis_Tomlinson,,celebrity,louis,tomlinson
nicki minaj,NICKIMINAJ,,celebrity,nicki,minaj
neymar jr,neymarjr,neymaroficial.com,celebrity,neymar,jr
marshall mathers,Eminem,eminem.com,celebrity,marshall,mathers
emma watson,EmWatson,,celebrity,emma,watson
avril lavigne,AvrilLavigne,smarturl.it,celebrity,avril,lavigne
neil patrick harris,ActuallyNPH,,celebrity,neil,patrick
daniel tosh,danieltosh,danieltosh.com,celebrity,daniel,tosh
david guetta,davidguetta,davidguetta.com,celebrity,david,guetta
conan o'brien,ConanOBrien,teamcoco.com,celebrity,conan,o'brien
amitabh bachchan,SrBachchan,srbachchan.tumblr.com,celebrity,amitabh,bachchan
ashton kutcher,aplusk,,celebrity,ashton,kutcher
khloe kardashian,khloekardashian,khloewithak.com,celebrity,khloe,kardashian
kourtney kardashian,kourtneykardash,,celebrity,kourtney,kardashian
zayn,zaynmalik,,celebrity,zayn,
shah rukh khan,iamsrk,,celebrity,shah,rukh
coldplay,coldplay,coldplay.com,celebrity,coldplay,
mariah carey,MariahCarey,mariahcarey.com,celebrity,mariah,carey
ed sheeran,edsheeran,,celebrity,ed,sheeran
christina aguilera,xtina,christinaaguilera.com,celebrity,christina,aguilera
jim carrey,JimCarrey,jimcarrey.com,celebrity,jim,carrey
kanye west,kanyewest,KANYEWEST.COM,celebrity,kanye,west
chris brown,chrisbrown,chrisbrownworld.com,celebrity,chris,brown
aamir khan,aamir_khan,aamirkhan.com,celebrity,aamir,khan
salman khan,BeingSalmanKhan,,celebrity,salman,khan
agnez mo,agnezmo,agnezmo.com,celebrity,agnez,mo
beyoncí© knowles,Beyonce,beyonce.com,celebrity,beyoncí©,knowles
blake shelton,blakeshelton,blakeshelton.com,celebrity,blake,shelton
ryan seacrest,RyanSeacrest,ryanseacrest.com,celebrity,ryan,seacrest
ivete sangalo,ivetesangalo,ivetesangalo.com,celebrity,ivete,sangalo
leonardo dicaprio,LeoDiCaprio,leonardodicaprio.com,celebrity,leonardo,dicaprio
paris hilton,ParisHilton,ParisHilton.com,celebrity,paris,hilton
will.i.am,iamwill,will.i.am,celebrity,will.i.am,
ø¿. ™ƒø_™ƒø¿ #ø_™‹ø_ø±™_™™_,MohamadAlarefe,arefe.com,celebrity,ø¿.,™ƒø_™ƒø¿
kendall jenner,KendallJenner,,celebrity,kendall,jenner
ashleytisdalefrench,ashleytisdale,thehautemess.com,celebrity,ashleytisdalefrench,
tyra banks,tyrabanks,tyra.com,celebrity,tyra,banks
snoop dogg,SnoopDogg,YouTube.com,celebrity,snoop,dogg
alejandro sanz,AlejandroSanz,alejandrosanz.com,celebrity,alejandro,sanz
ricky martin,ricky_martin,bit.ly,celebrity,ricky,martin
ronaldinho gaí_cho,10Ronaldinho,,celebrity,ronaldinho,gaí_cho
simon cowell,SimonCowell,,celebrity,simon,cowell
wayne rooney,WayneRooney,waynerooney.com,celebrity,wayne,rooney
kevin durant,KDTrey5,,celebrity,kevin,durant
maroon 5,maroon5,maroon5.com,celebrity,maroon,5
raditya dika,radityadika,radityadika.com,celebrity,raditya,dika
kylie jenner,KylieJenner,,celebrity,kylie,jenner
claudia leitte,ClaudiaLeitte,claudialeitte.com,celebrity,claudia,leitte
danilo gentili,DaniloGentili,danilogentili.com,celebrity,danilo,gentili
ø£ø_™ƒø¿ ø_™‹øÇ™‰™_ø±™_,shugairi,i7san.net,celebrity,ø£ø_™ƒø¿,ø_™‹øÇ™‰™_ø±™_
snap - mionoficial,marcosmion,,celebrity,snap,-
deepika padukone,deepikapadukone,,celebrity,deepika,padukone
stephen fry,stephenfry,stephenfry.com,celebrity,stephen,fry
charlie sheen,charliesheen,charliesheen.com,celebrity,charlie,sheen
andrí©s iniesta,andresiniesta8,andresiniesta.es,celebrity,andrí©s,iniesta
hrithik roshan,iHrithik,,celebrity,hrithik,roshan
priyanka ,priyankachopra,iampriyankachopra.com,celebrity,priyanka,
luciano huck,LucianoHuck,globo.com,celebrity,luciano,huck
gerard piquí©,3gerardpique,,celebrity,gerard,piquí©
zac efron,ZacEfron,zacefron.com,celebrity,zac,efron
carly rae jepsen,carlyraejepsen,carlyraemusic.com,celebrity,carly,rae
russell brand,rustyrockets,russellbrand.com,celebrity,russell,brand
juanes,juanes,juanes.net,celebrity,juanes,
paulina rubio,paurubio,paulinarubio.com,celebrity,paulina,rubio
sean diddy combs,iamdiddy,Smarturl.it,celebrity,sean,diddy
ludacris,Ludacris,ludaversal.com,celebrity,ludacris,
shaq,SHAQ,,celebrity,shaq,
paulo coelho,paulocoelho,paulocoelhoblog.com,celebrity,paulo,coelho
sabrina sato rahal,SabrinaSatoReal,,celebrity,sabrina,sato
kelly clarkson,kelly_clarkson,kellyclarkson.com,celebrity,kelly,clarkson
tom hanks,tomhanks,playtone.com,celebrity,tom,hanks
ø_ø_ø_ø_ ø_™‹™‰ø±™Ê™_,Dr_alqarnee,youtube.com,celebrity,ø_ø_ø_ø_,ø_™‹™‰ø±™Ê™_
usher raymond iv,Usher,chains.tidal.com,celebrity,usher,raymond
akshay kumar,akshaykumar,,celebrity,akshay,kumar
luna maya,LunaMaya26,itslunamaya.com,celebrity,luna,maya
ricky gervais,rickygervais,rickygervais.com,celebrity,ricky,gervais
mesut í_zil,MesutOzil1088,mesutoezil.com,celebrity,mesut,í_zil
sherina sinna,sherinasinna,sherinamunaf.com,celebrity,sherina,sinna
cem y۱lmaz,CMYLMZ,cmylmz.com,celebrity,cem,y۱lmaz
nick jonas,nickjonas,nickjonas.com,celebrity,nick,jonas
xabi alonso,XabiAlonso,,celebrity,xabi,alonso
dwayne johnson,TheRock,,celebrity,dwayne,johnson
enrique iglesias,enrique305,enriqueiglesias.com,celebrity,enrique,iglesias
stephen colbert,StephenAtHome,,celebrity,stephen,colbert
sergio kun aguero,aguerosergiokun,sergioaguero.com,celebrity,sergio,kun
victoria justice,VictoriaJustice,vjustice.co,celebrity,victoria,justice
radamel falcao,FALCAO,,celebrity,radamel,falcao
lindsay lohan,lindsaylohan,official.lindsaylohan.com,celebrity,lindsay,lohan
a.r.rahman,arrahman,arrahman.com,celebrity,a.r.rahman,
austin mahone,AustinMahone,,celebrity,austin,mahone
victoria beckham,victoriabeckham,victoriabeckham.com,celebrity,victoria,beckham
james rodrí_guez,jamesdrodriguez,jamesrodriguez.com.co,celebrity,james,rodrí_guez
trey songz,TreySongz,smarturl.it,celebrity,trey,songz
sofia vergara,SofiaVergara,sofiavergara.com,celebrity,sofia,vergara
jessica alba,jessicaalba,,celebrity,jessica,alba
rafa nadal,RafaelNadal,rafaelnadal.com,celebrity,rafa,nadal
rafinha bastos,rafinhabastos,rafinhabastos.com.br,celebrity,rafinha,bastos
daddy yankee,daddy_yankee,youtu.be,celebrity,daddy,yankee
afgansyah reza,afgansyah_reza,afganworld.com,celebrity,afgansyah,reza
anahi,Anahi,youtube.com,celebrity,anahi,
lmfao,LMFAO,partyrockpeople.com,celebrity,lmfao,
william bonner,realwbonner,g1.com.br,celebrity,william,bonner
virat kohli ,imVkohli,,celebrity,virat,kohli
jessie j,JessieJ,jessiejofficial.com,celebrity,jessie,j
vidi aldiano,vidialdiano,vidialdiano.com,celebrity,vidi,aldiano
anne curtis-smith,annecurtissmith,anne.ph,celebrity,anne,curtis-smith
sachin tendulkar,sachin_rt,,celebrity,sachin,tendulkar
marcelo tas,MarceloTas,blogdotas.com.br,celebrity,marcelo,tas
™ƒøÇø_ø±™_ ø±ø_øÇø¿ ø_™‹ø_™ø_ø_™_,mishari_alafasy,misharialafasy.net,celebrity,™ƒøÇø_ø±™_,ø±ø_øÇø¿
carles puyol,Carles5puyol,carles5puyol.com,celebrity,carles,puyol
seth macfarlane,SethMacFarlane,,celebrity,seth,macfarlane
thalia,thalia,Thalia.com,celebrity,thalia,
marc anthony,MarcAnthony,marcanthonyonline.com,celebrity,marc,anthony
cesc fíæbregas soler,cesc4official,cescfabregas.com,celebrity,cesc,fíæbregas
50cent,50cent,smarturl.it,celebrity,50cent,
pharrell williams,Pharrell,smarturl.it,celebrity,pharrell,williams
j o e  j o n a s,joejonas,republicrec.co,celebrity,j,o
big sean,BigSean,uknowbigsean.com,celebrity,big,sean
5 seconds of summer,5SOS,,celebrity,5,seconds
aziz ansari,azizansari,azizansari.com,celebrity,aziz,ansari
kobe bryant,kobebryant,kobebryant.com,celebrity,kobe,bryant
david bisbal,davidbisbal,davidbisbal.com,celebrity,david,bisbal
abhishek bachchan ,juniorbachchan,,celebrity,abhishek,bachchan
tata werneck,Tatawerneck,,celebrity,tata,werneck
channing tatum,channingtatum,channingtatumunwrapped.com,celebrity,channing,tatum
robin van persie,Persie_Official,robinvanpersie.com,celebrity,robin,van
sonam kapoor,sonamakapoor,,celebrity,sonam,kapoor
cody simpson,CodySimpson,radi.al,celebrity,cody,simpson
luis fonsi ,LuisFonsi,luisfonsi.com,celebrity,luis,fonsi
marco luque,marcoluque,youtube.com,celebrity,marco,luque
david luiz,DavidLuiz_4,,celebrity,david,luiz
gareth bale,GarethBale11,,celebrity,gareth,bale
john cena,JohnCena,,celebrity,john,cena
eugenio derbez,EugenioDerbez,eugenioderbez.tv,celebrity,eugenio,derbez
j. cole,JColeNC,dreamvillain.net,celebrity,j.,cole
elissa,elissakh,elissalb.com,celebrity,elissa,
miranda cosgrove,MirandaCosgrove,,celebrity,miranda,cosgrove
john legend,johnlegend,johnlegend.com,celebrity,john,legend
eva longoria,EvaLongoria,jcp.is,celebrity,eva,longoria
ø_™‹™ƒø_™Ê ø_™‹ø_™šø¿ø©,salman_alodah,youtube.com,celebrity,ø_™‹™ƒø_™Ê,ø_™‹ø_™šø¿ø©
karan johar,karanjohar,,celebrity,karan,johar
david villa,Guaje7Villa,davidvilla7.com,celebrity,david,villa
cher lloyd,CherLloyd,,celebrity,cher,lloyd
jessica simpson,JessicaSimpson,jessicasimpson.com,celebrity,jessica,simpson
nancy ajram,NancyAjram,youtu.be,celebrity,nancy,ajram
anderson silva,SpiderAnderson,spidersilva.com,celebrity,anderson,silva
ricardo montaner,montanertwiter,,celebrity,ricardo,montaner
little mix,LittleMix,little-mix.com,celebrity,little,mix
carmelo anthony,carmeloanthony,THISISMELO.com,celebrity,carmelo,anthony
sarah silverman,SarahKSilverman,youtube.com,celebrity,sarah,silverman
shaandaar kapoor,shahidkapoor,,celebrity,shaandaar,kapoor
t-raww,Tyga,itun.es,celebrity,t-raww,
roberto g. bolaí±os,ChespiritoRGB,,celebrity,roberto,g.
nicole polizzi,snooki,thesnookishop.com,celebrity,nicole,polizzi
marcelo tinelli,cuervotinelli,,celebrity,marcelo,tinelli
angel locsin,143redangel,angellocsin.com.ph,celebrity,angel,locsin
queen latifah,IAMQUEENLATIFAH,queenlatifah.com,celebrity,queen,latifah
zooey deschanel,ZooeyDeschanel,sheandhim.com,celebrity,zooey,deschanel
pegg news,simonpegg,simonpegg.net,celebrity,pegg,news
raffi ahmad,RaffiAhmadLagi,raffinagita.id,celebrity,raffi,ahmad
ne-yo,NeYoCompound,,celebrity,ne-yo,
calvin harris,CalvinHarris,,celebrity,calvin,harris
richard branson,richardbranson,virgin.com,celebrity,richard,branson
ciara,ciara,smarturl.it,celebrity,ciara,
steve martin,SteveMartinToGo,stevemartin.com,celebrity,steve,martin
olly murs,ollyofficial,smarturl.it,celebrity,olly,murs
daniel alves,DaniAlvesD2,danialves.com,celebrity,daniel,alves
kelendria rowland,KELLYROWLAND,KellyRowland.com,celebrity,kelendria,rowland
fearne cotton,Fearnecotton,officialfearnecotton.com,celebrity,fearne,cotton
rio ferdinand,rioferdy5,5mag.co,celebrity,rio,ferdinand
floyd mayweather,FloydMayweather,themoneyteam.com,celebrity,floyd,mayweather
luke hemmings,Luke5SOS,,celebrity,luke,hemmings
shireen sungkar,shireensungkar,shireen-sungkar.tumblr.com,celebrity,shireen,sungkar
jessica iskandar,jedarcantik,jessicaiskandar.com,celebrity,jessica,iskandar
anderson cooper,andersoncooper,andersoncooper.com,celebrity,anderson,cooper
mario teguh,MTLovenHoney,Facebook.MarioTeguh.asia,celebrity,mario,teguh
fabio porchat,FabioPorchat,fabioporchat.com.br,celebrity,fabio,porchat
farhan akhtar,FarOutAkhtar,excelmovies.com,celebrity,farhan,akhtar
jennette mccurdy,jennettemccurdy,,celebrity,jennette,mccurdy
gusttavo lima,gusttavo_lima,gusttavolima.com.br,celebrity,gusttavo,lima
bella thorne,bellathorne,imdb.com,celebrity,bella,thorne
pitty ,pittyleone,pitty.com.br,celebrity,pitty,
holly willoughby,hollywills,officialhollywilloughby.com,celebrity,holly,willoughby
juan luis guerra,JuanLuisGuerra,vevo.ly,celebrity,juan,luis
t.i.,Tip,grandhustlegang.com,celebrity,t.i.,
perez hilton,PerezHilton,PerezHilton.com,celebrity,perez,hilton
dwight howard,DwightHoward,dwighthoward.com,celebrity,dwight,howard
chayanne,CHAYANNEMUSIC,chayanne.com,celebrity,chayanne,
ricardo arjona Œ¬,Ricardo_Arjona,ricardoarjona.com,celebrity,ricardo,arjona
shaandaar alia,aliaa08,,celebrity,shaandaar,alia
jose marie viceral,vicegandako,,celebrity,jose,marie
zendaya,Zendaya,crowdrise.com,celebrity,zendaya,
dulce maria,DulceMaria,dulcemaria.com.mx,celebrity,dulce,maria
cearíç - wellington,oceara,oceara.com.br,celebrity,cearíç,-
ian somerhalder,iansomerhalder,omaze.com,celebrity,ian,somerhalder
kris jenner,KrisJenner,krisjenner.com,celebrity,kris,jenner
jimmy kimmel,jimmykimmel,youtube.com,celebrity,jimmy,kimmel
hugh jackman,RealHughJackman,,celebrity,hugh,jackman
luan santana,luansantana,luansantana.com.br,celebrity,luan,santana
iggy azalea,IGGYAZALEA,iggyazalea.com,celebrity,iggy,azalea
galilea montijo,GalileaMontijo,galileamontijo.tv,celebrity,galilea,montijo
anushka sharma,AnushkaSharma,,celebrity,anushka,sharma
robert kardashian,robkardashian,,celebrity,robert,kardashian
akon,Akon,akon.com,celebrity,akon,
jason mraz,jason_mraz,jasonmraz.com,celebrity,jason,mraz
nina dobrev,ninadobrev,ninadobrev.com,celebrity,nina,dobrev
omar chaparro,OMARCHAPARRO,omarchaparro.com.mx,celebrity,omar,chaparro
sergio ramos,SergioRamos,sergioramos.com,celebrity,sergio,ramos
rodrigo scarpa,rodrigovesgo,youtube.com,celebrity,rodrigo,scarpa
lana del rey,LanaDelRey,lanadelrey.com,celebrity,lana,del
sonakshi sinha,sonakshisinha,,celebrity,sonakshi,sinha
javier mascherano,Mascherano,,celebrity,javier,mascherano
chetan bhagat,chetan_bhagat,chetanbhagat.com,celebrity,chetan,bhagat
calum hood,Calum5SOS,5sos.com,celebrity,calum,hood
chicharito hernandez,CH14_,,celebrity,chicharito,hernandez
j.k. rowling,jk_rowling,jkrowling.com,celebrity,j.k.,rowling
flo rida,official_flo,,celebrity,flo,rida
chelsea handler,chelseahandler,chelseahandler.com,celebrity,chelsea,handler
atademirer,atademirer,,celebrity,atademirer,
scott disick,ScottDisick,,celebrity,scott,disick
cheryl,CherylOfficial,,celebrity,cheryl,
jaden smith,officialjaden,MSFTSrep.com,celebrity,jaden,smith
luis suarez,LuisSuarez9,luissuarez16.com,celebrity,luis,suarez
parineeti chopra,ParineetiChopra,,celebrity,parineeti,chopra
robert downey jr,RobertDowneyJr,,celebrity,robert,downey
gonzalo higuaí_n,G_Higuain,,celebrity,gonzalo,higuaí_n
jimmy carr,jimmycarr,jimmycarr.com,celebrity,jimmy,carr
tom cruise,TomCruise,TomCruise.com,celebrity,tom,cruise
kendrick lamar,kendricklamar,txdxe.com,celebrity,kendrick,lamar
serena williams,serenawilliams,serenawilliams.com,celebrity,serena,williams
residente,Residente,,celebrity,residente,
adam levine,adamlevine,maroon5.com,celebrity,adam,levine
carlos loret de mola,CarlosLoret,carlosloret.com,celebrity,carlos,loret
jeremy clarkson,JeremyClarkson,,celebrity,jeremy,clarkson
ana hickmann,ahickmann,anahickmann.com.br,celebrity,ana,hickmann
ø£. ø¿. ø‡ø_ø±™‰ ø_™‹ø_øÂ™_øÂ,Talhabeeb,,celebrity,ø£.,ø¿.
vanessa hudgens,VanessaHudgens,vanessahudgens.tumblr.com,celebrity,vanessa,hudgens
ø¿. ø‡ø_ø±™‰ ø_™‹ø_™š™_ø¿ø_™Ê,TareqAlSuwaidan,suwaidan.com,celebrity,ø¿.,ø‡ø_ø±™‰
jkcorden,JKCorden,,celebrity,jkcorden,
michael clifford,Michael5SOS,5sosf.am,celebrity,michael,clifford
ellie goulding,elliegoulding,elliegoulding.com,celebrity,ellie,goulding
cameron dallas,camerondallas,m.youtube.com,celebrity,cameron,dallas
joaquí_n lí_pez-dí_riga,lopezdoriga,lopezdoriga.com,celebrity,joaquí_n,lí_pez-dí_riga
dr bassem youssef,DrBassemYoussef,,celebrity,dr,bassem
kiran bedi,thekiranbedi,kiranbedi.com,celebrity,kiran,bedi
raisa andriana,raisa6690,,celebrity,raisa,andriana
lily,lilyallen,lilyallenmusic.com,celebrity,lily,
anupam kher,AnupamPkher,actorprepares.net,celebrity,anupam,kher
michelle obama,MichelleObama,barackobama.com,celebrity,michelle,obama
mary j. blige,maryjblige,maryjblige.com,celebrity,mary,j.
serginho groisman,oserginho,altashoras.globo.com,celebrity,serginho,groisman
demi moore,justdemi,,celebrity,demi,moore
kath,bernardokath,,celebrity,kath,
samuel l. jackson,SamuelLJackson,samuelljackson.com,celebrity,samuel,l.
nicole scherzinger,NicoleScherzy,nicolescherzinger.com,celebrity,nicole,scherzinger
the black eyed peas,bep,blackeyedpeas.com,celebrity,the,black
ahlam - ø_ø_™‹ø_™ƒ,Ahlam_Alshamsi,ahlam-alshamsi.com,celebrity,ahlam,-
okan bayulgen,okanbayulgen,,celebrity,okan,bayulgen
indonesiainlove,INDONESIAinLOVE,indonesiainlove.id,celebrity,indonesiainlove,
amr khaled,amrkhaled,AmrKhaled.net,celebrity,amr,khaled
meek mill,MeekMill,smarturl.it,celebrity,meek,mill
antanddec,antanddec,officialantanddec.com,celebrity,antanddec,
iker casillas,CasillasWorld,ikercasillasworld.com,celebrity,iker,casillas
rita ora,RitaOra,smarturl.it,celebrity,rita,ora
luisana lopilato,lulopilato,,celebrity,luisana,lopilato
fiuk,Fiuk,,celebrity,fiuk,
nick cannon,NickCannon,nickcannon.com,celebrity,nick,cannon
äó¢bambang pamungkasäó¢,bepe20s,bambangpamungkas20.com,celebrity,äó¢bambang,pamungkasäó¢
sandy leah,SandyLeah,sandyoficial.com.br,celebrity,sandy,leah
miranda lambert,mirandalambert,mirandalambert.com,celebrity,miranda,lambert
angel rivera,Angelluisr,verawear.mobapp.at,celebrity,angel,rivera
nash grier,Nashgrier,itun.es,celebrity,nash,grier
bunga citra lestari,bclsinclair,bclofficial.com,celebrity,bunga,citra
ben stiller,RedHourBen,,celebrity,ben,stiller
demet akalin kurt,DemetAkalin,demetakalin.com.tr,celebrity,demet,akalin
yeng constantino,YengPLUGGEDin,youtu.be,celebrity,yeng,constantino
mindy kaling,mindykaling,bit.ly,celebrity,mindy,kaling
luke bryan,LukeBryanOnline,umgn.us,celebrity,luke,bryan
siwon choi,siwon407,N407.com,celebrity,siwon,choi
mac,MacMiller,macmillerswebsite.com,celebrity,mac,
david de gea,D_DeGea,degea1.com,celebrity,david,de
juan mata garcí_a,juanmata8,juanmata8.com,celebrity,juan,mata
tiger woods,TigerWoods,TigerWoods.com,celebrity,tiger,woods
mike tyson,MikeTyson,miketyson.com,celebrity,mike,tyson
lenny kravitz,LennyKravitz,lennykravitz.com,celebrity,lenny,kravitz
kevin jonas,kevinjonas,yoodapp.com,celebrity,kevin,jonas
jonah hill,JonahHill,,celebrity,jonah,hill
dwade,DwyaneWade,dwyanewade.com,celebrity,dwade,
nicole richie,nicolerichie,,celebrity,nicole,richie
linkin park,linkinpark,linkinpark.com,celebrity,linkin,park
hilary duff,HilaryDuff,smarturl.it,celebrity,hilary,duff
suresh raina,ImRaina,,celebrity,suresh,raina
ratan n. tata,RNTata2000,,celebrity,ratan,n.
_ìŠÎŠÎ_Öçë,ariyoshihiroiki,,celebrity,_ìŠÎŠÎ_Öçë,
g-dragon,IBGDRGN,,celebrity,g-dragon,
anna kendrick,AnnaKendrick47,,celebrity,anna,kendrick
alan carr,AlanCarr,alancarr.net,celebrity,alan,carr
angelica panganiban,sectorkekz,,celebrity,angelica,panganiban
jonathan ross,wossy,catchacatchaaliens.com,celebrity,jonathan,ross
lucy hale,lucyhale,lucyhale.com,celebrity,lucy,hale
bridgit mendler,bridgitmendler,,celebrity,bridgit,mendler
super junior ÒÇÔ»Õ´Ç,donghae861015,cyworld.com,celebrity,super,junior
john cleese,JohnCleese,johncleese.com,celebrity,john,cleese
soulja boy tell 'em,souljaboy,itunes.apple.com,celebrity,soulja,boy
prince royce,PrinceRoyce,smarturl.it,celebrity,prince,royce
tiago leifert,TiagoLeifert,,celebrity,tiago,leifert
carrie underwood,carrieunderwood,carrieunderwoodofficial.com,celebrity,carrie,underwood
jesse & joy oficial,jesseyjoy,jesseyjoy.com,celebrity,jesse,&
yoko ono,yokoono,IMAGINEPEACE.com,celebrity,yoko,ono
ollaufar,olla_ramlan,,celebrity,ollaufar,
novak djokovic,DjokerNole,mobile.novakdjokovic.com,celebrity,novak,djokovic
gaby espino,gabyespino,gabyespino.com,celebrity,gaby,espino
laudya cynthia bella,Bellaudyaa,,celebrity,laudya,cynthia
tyler oakley / today,tyleroakley,youtu.be,celebrity,tyler,oakley
john green,johngreen,johngreenbooks.com,celebrity,john,green
bill simmons,BillSimmons,grantland.com,celebrity,bill,simmons
diego forlan,DiegoForlan7,diegoforlan.com,celebrity,diego,forlan
instagram  @llcoolj,llcoolj,m.kohls.com,celebrity,instagram,
facundo,facufacundo,facundo.tv,celebrity,facundo,
lea michele,msleamichele,,celebrity,lea,michele
bianca gonzalez,iamsuperbianca,iamsuperbianca.com,celebrity,bianca,gonzalez
mahendra singh dhoni,msdhoni,,celebrity,mahendra,singh
piers morgan,piersmorgan,,celebrity,piers,morgan
skrillex,Skrillex,,celebrity,skrillex,
virender sehwag,virendersehwag,sehwagworld.com,celebrity,virender,sehwag
jorge & mateus,jorgeemateus,jorgeemateus.com.br,celebrity,jorge,&
aluna sagita gutawa,gitagut,gitagut.blog.com,celebrity,aluna,sagita
lord sugar,Lord_Sugar,,celebrity,lord,sugar
cyprien,MonsieurDream,cyprien.fr,celebrity,cyprien,
chris paul,CP3,chrispaul3.com,celebrity,chris,paul
jamie foxx,iamjamiefoxx,jamiefoxxmusic.com,celebrity,jamie,foxx
irfan bachdim,IrfanBachdim10,jenniferbachdim.com,celebrity,irfan,bachdim
kc concepcion,kc_concepcion,,celebrity,kc,concepcion
daniel padilla,imdanielpadilla,,celebrity,daniel,padilla
gad elmaleh,gadelmaleh,gadelmaleh.com,celebrity,gad,elmaleh
marcelo vieira,MarceloM12,,celebrity,marcelo,vieira
michel telí_,micheltelo,micheltelo.com,celebrity,michel,telí_
ø_™‹øÇ™_ø¬ øµø_™‹ø_ ø_™‹™ƒø_ø_™ƒø_™_,SalehAlmoghamsy,youtube.com,celebrity,ø_™‹øÇ™_ø¬,øµø_™‹ø_
luis manzano,luckymanzano,,celebrity,luis,manzano
hayley from paramore,yelyahwilliams,smarturl.it,celebrity,hayley,from
don omar aka kong,DONOMAR,donomar.com,celebrity,don,omar
steve carell,SteveCarell,,celebrity,steve,carell
neil degrasse tyson,neiltyson,haydenplanetarium.org,celebrity,neil,degrasse
wisin y yandel,wisinyyandel,wisinyandelpr.com,celebrity,wisin,y
noel schajris,NoelSchajris,,celebrity,noel,schajris
rev run,RevRunWisdom,globalgrind.com,celebrity,rev,run
sandra dewi,SandraDewi88,sandradewi.blogseleb.com,celebrity,sandra,dewi
amr diab,amrdiab,amrdiab.net,celebrity,amr,diab
shawn mendes,ShawnMendes,,celebrity,shawn,mendes
aleks syntek,syntekoficial,syntekoficial.com,celebrity,aleks,syntek
ø_ø_ø¿™‹ ø_™‹™_ øÂ™Ê ø_™‹™_,AdelAliBinAli,,celebrity,ø_ø_ø¿™‹,ø_™‹™_
felipe neto,felipeneto,youtube.com,celebrity,felipe,neto
polo polo,polo_polo,polopolo.mx,celebrity,polo,polo
gloriatrevi,GloriaTrevi,mundotrevi.com,celebrity,gloriatrevi,
vijay mallya ,TheVijayMallya,,celebrity,vijay,mallya
ashton irwin,Ashton5SOS,hiorheyrecords.com,celebrity,ashton,irwin
young olu the genius,Wale,everybluemoon.com,celebrity,young,olu
chino y nacho,ChinoyNacho,chinoynacho.com.ve,celebrity,chino,y
riteish deshmukh ,Riteishd,,celebrity,riteish,deshmukh
lamar odom,RealLamarOdom,,celebrity,lamar,odom
preta gil,PretaGil,pretagil.com.br,celebrity,preta,gil
tom cavalcante,TomCavalcante1,tomcavalcante.com.br,celebrity,tom,cavalcante
randy orton,RandyOrton,,celebrity,randy,orton
dj king assassin,DjKingAssassin,djkingassassin.com,celebrity,dj,king
gading marten,gadiiing,,celebrity,gading,marten
dj pauly d,DJPaulyD,DJPaulyD.com,celebrity,dj,pauly
lucero,LuceroMexico,lucero.com.mx,celebrity,lucero,
paula,paulitachaves,multitalentagency.com,celebrity,paula,
kevin spacey,KevinSpacey,kevinspacey.com,celebrity,kevin,spacey
ozzy osbourne,OzzyOsbourne,ozzy.com,celebrity,ozzy,osbourne
adam schefter,AdamSchefter,,celebrity,adam,schefter
gary lineker,GaryLineker,,celebrity,gary,lineker
vhong navarro,VhongX44,,celebrity,vhong,navarro
cristine reyes,_CristineReyes_,,celebrity,cristine,reyes
jordin sparks,JordinSparks,smarturl.it,celebrity,jordin,sparks
juliaperez,juliaperrez,julia-perez.com,celebrity,juliaperez,
rainnwilson,rainnwilson,ow.ly,celebrity,rainnwilson,
sÛ±la gení_oÛôlu,silagencoglu,silagencoglu.com.tr,celebrity,sÛ±la,gení_oÛôlu
rania al abdullah,QueenRania,,celebrity,rania,al
hulya avsar,hulyavsar,hulyaavsar.com.tr,celebrity,hulya,avsar
najwa karam,najwakaram,najwakaram.com,celebrity,najwa,karam
victor valdes,1victorvaldes,,celebrity,victor,valdes
jamel debbouze,DebbouzeJamel,jameldebbouze.fr,celebrity,jamel,debbouze
julia montes,montesjulia,,celebrity,julia,montes
eden hazard,hazardeden10,,celebrity,eden,hazard
ajay devgn,ajaydevgn,,celebrity,ajay,devgn
indra bekti,indrabektiasli,,celebrity,indra,bekti
miranda kerr,MirandaKerr,mirandakerr.com,celebrity,miranda,kerr
™ø_™_ø_ ø_™‹™ƒø_™‹™€™_,fayez_malki,,celebrity,™ø_™_ø_,ø_™‹™ƒø_™‹™€™_
angelica huck,angelicaksy,,celebrity,angelica,huck
gary barlow,GaryBarlow,garybarlow.com,celebrity,gary,barlow
shilpa shetty kundra,TheShilpaShetty,bestdealtv.in,celebrity,shilpa,shetty
carmen aristegui,aristeguicnn,cnnespanol.com,celebrity,carmen,aristegui
bill cosby,BillCosby,BillCosby.com,celebrity,bill,cosby
tony hawk,tonyhawk,about.me,celebrity,tony,hawk
noah everett,noaheverett,pingly.com,celebrity,noah,everett
andrea legarreta,AndreaLegarreta,,celebrity,andrea,legarreta
tyler perry,tylerperry,tylerperry.com,celebrity,tyler,perry
julieta venegas,julietav,julietavenegas.net,celebrity,julieta,venegas
bipasha basu,bipsluvurself,bipashabasunet.com,celebrity,bipasha,basu
psy,psy_oppa,youtu.be,celebrity,psy,
cara delevingne,Caradelevingne,iamcaradelevingne.tumblr.com,celebrity,cara,delevingne
zach galifianakis,galifianakisz,zachgalifianakis.com,celebrity,zach,galifianakis
nelly_mo,Nelly_Mo,nelly.net,celebrity,nelly_mo,
d‘_‘Í‘Í‘« r‘«‘_‘æ,DebbyRyan,debbyryan.tumblr.com,celebrity,d‘_‘Í‘Í‘«,r‘«‘_‘æ
kelly osbourne,KellyOsbourne,kellyosbourne.com,celebrity,kelly,osbourne
yordi rosado,YordiRosado,yordirosado.com.mx,celebrity,yordi,rosado
eddie izzard,eddieizzard,eddieizzard.com,celebrity,eddie,izzard
kapil,KapilSharmaK9,kapilsharma.org,celebrity,kapil,
cí_neyt í_zdemir,cuneytozdemir,dipnot.tv,celebrity,cí_neyt,í_zdemir
joel osteen,JoelOsteen,JoelOsteen.com,celebrity,joel,osteen
dylan o'brien,dylanobrien,imdb.com,celebrity,dylan,o'brien
diego torres,diegotorres,diegotorres.com,celebrity,diego,torres
keri hilson,KeriHilson,,celebrity,keri,hilson
yÛ±lmaz erdoÛôan,yilmazerdogan,yilmazerdogan.com,celebrity,yÛ±lmaz,erdoÛôan
preity zinta,realpreityzinta,,celebrity,preity,zinta
roger federer,rogerfederer,rogerfederer.com,celebrity,roger,federer
lorde,lordemusic,lordemusic.tumblr.com,celebrity,lorde,
green day,GreenDay,greenday.com,celebrity,green,day
ezequiel lavezzi,PochoLavezzi,elpocholavezzi.com,celebrity,ezequiel,lavezzi
carlos vives,carlosvives,carlosvives.com,celebrity,carlos,vives
jack whitehall,jackwhitehall,jackwhitehall.com,celebrity,jack,whitehall
al yankovic,alyankovic,weirdal.com,celebrity,al,yankovic
alejandro fernandez,alexoficial,alejandrofernandez.com,celebrity,alejandro,fernandez
jenna mourey/marbles,Jenna_Marbles,youtube.com,celebrity,jenna,mourey/marbles
maite perroni b,MaiteOficial,,celebrity,maite,perroni
shreya ghoshal,shreyaghoshal,shreyaghoshal.com,celebrity,shreya,ghoshal
laura g,LAURAGII,laurag.tv,celebrity,laura,g
ragheb alama,raghebalama,ragheb-alama.com,celebrity,ragheb,alama
wyclef jean,wyclef,Wyclef.com,celebrity,wyclef,jean
ø_™‹™š™‹™_ø¿ øÂ™Ê ø‡™‹ø_™‹,Alwaleed_Talal,alwaleed.com.sa,celebrity,ø_™‹™š™‹™_ø¿,øÂ™Ê
scooter braun,scooterbraun,scooterbraun.com,celebrity,scooter,braun
adela micha ,Adela_Micha,adelamicha.com,celebrity,adela,micha
tií‚sto,tiesto,tiesto.com,celebrity,tií‚sto,
paramore,paramore,paramore.net,celebrity,paramore,
kevin aprilio,apriliokevin,,celebrity,kevin,aprilio
ashley benson,AshBenzo,ashleybenson.net,celebrity,ashley,benson
ivan urgant,urgantcom,urgantshow.ru,celebrity,ivan,urgant
norman thavaud,NormanDesVideos,m.youtube.com,celebrity,norman,thavaud
iyavillaniaarellano,iyavillania,iyavillania.com,celebrity,iyavillaniaarellano,
usain st. leo bolt,usainbolt,usainbolt.com,celebrity,usain,st.
lance armstrong,lancearmstrong,mellowjohnnys.com,celebrity,lance,armstrong
paul wesley,paulwesley,,celebrity,paul,wesley
luis chataing,LuisChataing,youtube.com,celebrity,luis,chataing
ílvaro arbeloa,aarbeloa17,,celebrity,ílvaro,arbeloa
paul pierce,paulpierce34,paulpierce.net,celebrity,paul,pierce
joseph gordon-levitt,hitRECordJoe,hitRECord.org,celebrity,joseph,gordon-levitt
hamza namira,HamzaNamira,hamzanamira.com,celebrity,hamza,namira
madhuri dixit-nene,MadhuriDixit,madhuridixit-nene.com,celebrity,madhuri,dixit-nene
jennifer hudson,IAMJHUD,jenniferhudson.com,celebrity,jennifer,hudson
mark cuban,mcuban,cyberdust.com,celebrity,mark,cuban
dr. mehmet oz,DrOz,doctoroz.com,celebrity,dr.,mehmet
belinda,belindapop,belindamusic.net,celebrity,belinda,
joyce meyer,JoyceMeyer,joycemeyer.org,celebrity,joyce,meyer
valentino rossi,ValeYellow46,valentinorossi.com,celebrity,valentino,rossi
ariefmuhammad,Poconggg,poconggg.com,celebrity,ariefmuhammad,
gí_lben ergen íˆelik,gulbenergen,,celebrity,gí_lben,ergen
taraji p. henson,TherealTaraji,,celebrity,taraji,p.
mohamed elbaradei,ElBaradei,ar-ar.,celebrity,mohamed,elbaradei
jim jones ,jimjonescapo,capolife.com,celebrity,jim,jones
ø_øÂø¿ø_™‹ø±ø_™ƒ™Ê øÂ™Ê ™ƒø_ø_ø_ø¿,abdulrahman,,celebrity,ø_øÂø¿ø_™‹ø±ø_™ƒ™Ê,øÂ™Ê
joel mchale,joelmchale,joelmchaleonline.com,celebrity,joel,mchale
jaime camil,jaimecamil,jaimecamil.com,celebrity,jaime,camil
acun il۱cal۱,acunilicali,acunn.com,celebrity,acun,il۱cal۱
aline barros,alinebarros,alinebarros.com.br,celebrity,aline,barros
nani,luisnani,,celebrity,nani,
willy,OfficialWillow,ketsuktiam.tumblr.com,celebrity,willy,
ahmet hakan,ahmethc,,celebrity,ahmet,hakan
big time rush,bigtimerush,btrband.com,celebrity,big,time
pedro rodrí_guez,_Pedro17_,pedro17.com,celebrity,pedro,rodrí_guez
sam smith,samsmithworld,,celebrity,sam,smith
phillip schofield,Schofe,officialphillipschofield.com,celebrity,phillip,schofield
ÜÜ‰€Ü‰_Ü€_Ü±ÜËÜ‰ƒÜ±ÜËÜ‰ƒ,pamyurin,,celebrity,ÜÜ‰€Ü‰_Ü€_Ü±ÜËÜ‰ƒÜ±ÜËÜ‰ƒ,
emily osment,EmilyOsment,emilyosmentofficial.com,celebrity,emily,osment
enrique gil,itsenriquegil,,celebrity,enrique,gil
sam milby,samuelmilby,,celebrity,sam,milby
mario balotelli,FinallyMario,,celebrity,mario,balotelli
dolly parton,DollyParton,DollyPartonEntertainment.com,celebrity,dolly,parton
chris moyles,ChrisMoyles,youtube.com,celebrity,chris,moyles
brad paisley,BradPaisley,bradpaisley.com,celebrity,brad,paisley
freddy,FreddyAmazin,FREDDYAMAZIN.COM,celebrity,freddy,
franco de vita ,FrancoDVita,francodevita.com,celebrity,franco,de
haifa wehbe,HaifaWehbe,haifawehbe.com,celebrity,haifa,wehbe
danny devito,DannyDeVito,imdb.com,celebrity,danny,devito
rob dyrdek,robdyrdek,robdyrdek.com,celebrity,rob,dyrdek
jwoww,JENNIWOWW,jennifarley.com,celebrity,jwoww,
lata mangeshkar,mangeshkarlata,en.wikipedia.org,celebrity,lata,mangeshkar
paula fernandes,PaulaFernandes7,paulafernandes.com.br,celebrity,paula,fernandes
syahrini,PrincesSyahrini,,celebrity,syahrini,
jason derulo,jasonderulo,smarturl.it,celebrity,jason,derulo
zoí©,zoetheband,zoetheband.com,celebrity,zoí©,
bruno gagliasso,brunogagliasso,,celebrity,bruno,gagliasso
arnold,Schwarzenegger,schwarzenegger.com,celebrity,arnold,
bruna marquezine,BruMarquezine,,celebrity,bruna,marquezine
josh devine,JoshDevineDrums,,celebrity,josh,devine
pedro alfonso,pedroalfonsoo,laboratoriodepedro.com,celebrity,pedro,alfonso
kesha ,KeshaRose,smarturl.it,celebrity,kesha,
russell simmons,UncleRUSH,,celebrity,russell,simmons
jake t. austin,JakeTAustin,,celebrity,jake,t.
tulisa contostavlos,officialtulisa,,celebrity,tulisa,contostavlos
eleanor calder,EleanorJCalder,thetrendpear.com,celebrity,eleanor,calder
chad johnson,ochocinco,ocnnreport.com,celebrity,chad,johnson
chris rock,chrisrock,chrisrock.com,celebrity,chris,rock
wesley sneijder,sneijder101010,,celebrity,wesley,sneijder
sean kingston Ω,SeanKingston,seankingston.com,celebrity,sean,kingston
brozo xmiswebs,brozoxmiswebs,victortrujillo.com.mx,celebrity,brozo,xmiswebs
murat boz,MuratBoz,,celebrity,murat,boz
vj daniel mananta,vjdaniel,danielmananta.com,celebrity,vj,daniel
james franco,JamesFrancoTV,jamesfrancotv.com,celebrity,james,franco
amanda bynes,amandabynes,,celebrity,amanda,bynes
fe paes leme,FePaesLeme,,celebrity,fe,paes
jessica cediel,jessicacediel,,celebrity,jessica,cediel
ana maria braga,ANAMARIABRAGA,anamariabraga.globo.com,celebrity,ana,maria
mc hammer,MCHammer,alchemistmgmt.com,celebrity,mc,hammer
gisele bí_ndchen,giseleofficial,giselebundchen.com,celebrity,gisele,bí_ndchen
fergie,Fergie,fergie.com,celebrity,fergie,
fonseca,Fonseca,fonseca.net,celebrity,fonseca,
rick g. rosner,dumbassgenius,rickrosner.com,celebrity,rick,g.
ayu dewi,mrsayudewi,,celebrity,ayu,dewi
øÂøÈø_™‹ ø_™‹™‰™šø_ ,battalalgoos,,celebrity,øÂøÈø_™‹,ø_™‹™‰™šø_
nelly furtado,NellyFurtado,nellyfurtado.com,celebrity,nelly,furtado
kim atienza,kuyakim_atienza,,celebrity,kim,atienza
nikki gil,nikkigil,,celebrity,nikki,gil
rachel maddow msnbc,maddow,rachel.msnbc.com,celebrity,rachel,maddow
questlove gomez,questlove,itunes.apple.com,celebrity,questlove,gomez
erika de la vega,ErikaDLV,erikatipoweb.com,celebrity,erika,de
romeo santos,RomeoSantosPage,smarturl.it,celebrity,romeo,santos
yuvraj singh,YUVSTRONG12,youwecan.com,celebrity,yuvraj,singh
travie mccoy,TravieMcCoy,traviemccoy.com,celebrity,travie,mccoy
lauren conrad,LaurenConrad,laurenconrad.com,celebrity,lauren,conrad
david silva,21LVA,davidjimenezsilva.com,celebrity,david,silva
caio castro,CaioCastro,,celebrity,caio,castro
thiaguinho,thiaguinhocomth,thiaguinho.net,celebrity,thiaguinho,
ahmet kural,AHMTKURAL,,celebrity,ahmet,kural
titi kamal,Titi_KamaLL,titisaricatering.com,celebrity,titi,kamal
pavel volya,RealVolya,pavelvolya.com,celebrity,pavel,volya
jorge rial,rialjorge,,celebrity,jorge,rial
brooke burke-charvet,brookeburke,,celebrity,brooke,burke-charvet
peter andre,MrPeterAndre,peterandre.com,celebrity,peter,andre
toni kroos,ToniKroos,toni-kroos.com,celebrity,toni,kroos
mustafa ceceli,mustafaceceli,mustafaceceli.com,celebrity,mustafa,ceceli
ø_ø_™ƒ™_ ø_™‹øåø_øÂø±,SamiAlJaber,,celebrity,ø_ø_™ƒ™_,ø_™‹øåø_øÂø±
giuliana rancic,GiulianaRancic,giulianarancic.com,celebrity,giuliana,rancic
yesung,shfly3424,,celebrity,yesung,
andres lopez forero,lopezandres,AndresLopez.com,celebrity,andres,lopez
joey essex,JoeyEssex_,FuseyOfficial.com,celebrity,joey,essex
heidi klum,heidiklum,heidiklum.com,celebrity,heidi,klum
la la,lala,amzn.to,celebrity,la,la
gemma styles,GemmaAnneStyles,gemmastyles.com,celebrity,gemma,styles
 mustafa agha,mustafa_agha,mbc.net,celebrity,,mustafa
emma roberts,RobertsEmma,,celebrity,emma,roberts
busta rhymes,BustaRhymes,,celebrity,busta,rhymes
mano menezes,manomenezes,manomenezes.com.br,celebrity,mano,menezes
nathan fillion,NathanFillion,,celebrity,nathan,fillion
pattie mallette,pattiemallette,pattiemallette.com,celebrity,pattie,mallette
marquis trill,6BillionPeople,MarquisTrill.com,celebrity,marquis,trill
matthew espinosa,TheMattEspinosa,CREATIVECOLLABTOUR.com,celebrity,matthew,espinosa
™š™‹™_ø¿_ø_™‹™ø±ø_øå#,waleedalfarraj,,celebrity,™š™‹™_ø¿_ø_™‹™ø±ø_øå#,
gustavo cerati,cerati,cerati.com,celebrity,gustavo,cerati
fabolous,myfabolouslife,bloodsthicker.com,celebrity,fabolous,
blake griffin,blakegriffin32,blakegriffin.com,celebrity,blake,griffin
dana white,danawhite,ufc.com,celebrity,dana,white
espinoza paz,EspinozaOficial,espinozapaz.com,celebrity,espinoza,paz
öŸ»öŸÇöŸ_öŸ‹öŸŸöŸñ buck öŸ‚öŸ£ö_óöŸ_öŸ_öŸöŸŸöŸ«,Khunnie0624,,celebrity,öŸ»öŸÇöŸ_öŸ‹öŸŸöŸñ,buck
seth rogen,Sethrogen,hilarityforcharity.org,celebrity,seth,rogen
andy murray,andy_murray,andymurray.com,celebrity,andy,murray
john bishop,JohnBishop100,johnbishoponline.com,celebrity,john,bishop
lali esposito,laliespos,,celebrity,lali,esposito
corbuzier,corbuzier,youtu.be,celebrity,corbuzier,
dr elio keller,ceracoat,ceracoat.me,celebrity,dr,elio
davidkwilliams,DavidKWilliams,fishbowlinventory.com,celebrity,davidkwilliams,
michelle keegan,michkeegan,,celebrity,michelle,keegan
slash,Slash,slashonline.com,celebrity,slash,
deadmau5,deadmau5,live.deadmau5.com,celebrity,deadmau5,
Òš¬ÒÇ,missA_suzy,missaworld.com,celebrity,Òš¬ÒÇ,
pedro bial,PBiaL,,celebrity,pedro,bial
bruno ierullo,BRUNOIERULLO,brunoierullo.com,celebrity,bruno,ierullo
noah,NOAH_ID,noah-site.com,celebrity,noah,
michael owen,themichaelowen,michaelowen.com,celebrity,michael,owen
drake bell,DrakeBell,drakebell.com,celebrity,drake,bell
ansel elgort,AnselElgort,,celebrity,ansel,elgort
sara bareilles,SaraBareilles,sarabmusic.com,celebrity,sara,bareilles
matt pokora,MPOFFICIAL,mpokoramusic.fr,celebrity,matt,pokora
tito el bambino,Tbambino,titoelbambinoelpatron.com,celebrity,tito,el
isco alarcon,isco_alarcon,,celebrity,isco,alarcon
alejandro vigilante,VigilanteArtist,alejandrovigilante.com,celebrity,alejandro,vigilante
manuel neuer,Manuel_Neuer,,celebrity,manuel,neuer
kev.adams,kevadamsss,kevadams.fr,celebrity,kev.adams,
seth meyers,sethmeyers,,celebrity,seth,meyers
andrea serna,AndreaSernaTV,andreaserna.net,celebrity,andrea,serna
lee teuk,special1004,,celebrity,lee,teuk
janet jackson,JanetJackson,janetjackson.com,celebrity,janet,jackson
pau gasol,paugasol,paugasol.com,celebrity,pau,gasol
bill maher,billmaher,billmaher.com,celebrity,bill,maher
j balvin,JBALVIN,jbalvinelnegocio.com,celebrity,j,balvin
rola,RolaWorLD,ameblo.jp,celebrity,rola,
mr. carter,S_C_,,celebrity,mr.,carter
vinny guadagnino,VINNYGUADAGNINO,podcastone.com,celebrity,vinny,guadagnino
lea salonga,MsLeaSalonga,leasalonga.com,celebrity,lea,salonga
jack,jack,,celebrity,jack,
manu ginobili,manuginobili,manuginobili.com,celebrity,manu,ginobili
georgina wilson,ilovegeorgina,,celebrity,georgina,wilson
jacky bracamontes,jackybrv,jackybracamontes.com,celebrity,jacky,bracamontes
vision implementer  ,Tyrese,smarturl.it,celebrity,vision,implementer
reik,ReikMx,reik.tv,celebrity,reik,
dane cook,DaneCook,,celebrity,dane,cook
jerry seinfeld,JerrySeinfeld,jerryseinfeld.com,celebrity,jerry,seinfeld
genelia deshmukh,geneliad,,celebrity,genelia,deshmukh
david copperfield,D_Copperfield,davidcopperfield.com,celebrity,david,copperfield
tracy morgan,RealTracyMorgan,,celebrity,tracy,morgan
dr drew,drdrew,drdrew.com,celebrity,dr,drew
marley - ale wiebe,marley_ok,marley.com.ar,celebrity,marley,-
felipe andreoli,andreolifelipe,felipeandreoli.net,celebrity,felipe,andreoli
logan henderson,1LoganHenderson,,celebrity,logan,henderson
zlatan ibrahimoviۈ,Ibra_official,,celebrity,zlatan,ibrahimoviۈ
hande yener,handeyener,handeyener.com,celebrity,hande,yener
smosh,smosh,apple.co,celebrity,smosh,
blackbottleboy,rickyrozay,smarturl.it,celebrity,blackbottleboy,
caitlyn jenner,Caitlyn_Jenner,caitlynjenner.com,celebrity,caitlyn,jenner
common,common,thinkcommon.com,celebrity,common,
suso el paspi,susoelpaspi,susoelpaspi.com.co,celebrity,suso,el
hí_rriyet yazarlar,huryazarlar,hurriyet.com.tr,celebrity,hí_rriyet,yazarlar
amber rose,DaRealAmberRose,amberroseeyewear.com,celebrity,amber,rose
jacqueline fernandez,Asli_Jacqueline,,celebrity,jacqueline,fernandez
karim benzema,Benzema,carbu.link,celebrity,karim,benzema
martha stewart,MarthaStewart,themarthablog.com,celebrity,martha,stewart
james maslow,jamesmaslow,sherlockholmesonstage.com,celebrity,james,maslow
lafouine,lafouine78,,celebrity,lafouine,
oscar,oscar8,,celebrity,oscar,
susana gimenez,Su_Gimenez,,celebrity,susana,gimenez
david henrie,DavidHenrie,,celebrity,david,henrie
caspar lee,Caspar_Lee,youtube.com,celebrity,caspar,lee
steve aoki,steveaoki,smarturl.it,celebrity,steve,aoki
boa,BoAkwon,,celebrity,boa,
_Í_µãó_Á _ïãó_µ_____µ___Á,VeraBrezhneva,brezhneva.com,celebrity,_Í_µãó_Á,_ïãó_µ_____µ___Á
danielle peazer,DaniellePeazer,youtube.com,celebrity,danielle,peazer
james harden,JHarden13,,celebrity,james,harden
shruti haasan,shrutihaasan,myspace.com,celebrity,shruti,haasan
joseph barton,Joey7Barton,joeybarton.com,celebrity,joseph,barton
sania mirza,MirzaSania,saniamirzatennisacademy.com,celebrity,sania,mirza
steve austin,steveaustinBSR,,celebrity,steve,austin
sandara park,krungy21,,celebrity,sandara,park
nina garcia,ninagarcia,ninagarcia.com,celebrity,nina,garcia
™ø_ø±ø_ ø_™šø_ f.a,farisf9,i.,celebrity,™ø_ø±ø_,ø_™šø_
imagine dragons,Imaginedragons,imaginedragonsmusic.com,celebrity,imagine,dragons
hayes grier,HayesGrier,,celebrity,hayes,grier
super,ryeong9,,celebrity,super,
alberto ciurana,AlbertoCiurana,univision.com,celebrity,alberto,ciurana
shay mitchell,shaymitch,us.macmillan.com,celebrity,shay,mitchell
rossa roslaina,mynameisrossa,pecintarossa.com,celebrity,rossa,roslaina
troye sivan,troyesivan,troye.si,celebrity,troye,sivan
reggie bush,ReggieBush,ReggieBush.com,celebrity,reggie,bush
™ƒø_™ƒø¿ ø_™‹ø_™šø_™_,mh_awadi,,celebrity,™ƒø_™ƒø¿,ø_™‹ø_™šø_™_
eugenia suarez ä»_,chinasuarez,,celebrity,eugenia,suarez
metallica,Metallica,metallica.com,celebrity,metallica,
harsha bhogle,bhogleharsha,,celebrity,harsha,bhogle
deborah secco,dedesecco,,celebrity,deborah,secco
juliana paes,jupaesoficial,julianapaes.com.br,celebrity,juliana,paes
gary neville,GNev2,,celebrity,gary,neville
stephen curry,StephenCurry30,Stephencurry30.com,celebrity,stephen,curry
tim tebow,TimTebow,timtebow.com,celebrity,tim,tebow
lewis hamilton,LewisHamilton,lewis.social,celebrity,lewis,hamilton
giovanna antonelli,gio_antonelli,,celebrity,giovanna,antonelli
josh hutcherson,jhutch1992,joshhutcherson.com,celebrity,josh,hutcherson
fernando torres,Torres,fernando9torres.com,celebrity,fernando,torres
amr waked,amrwaked,zadcomm.com,celebrity,amr,waked
boman irani,bomanirani,,celebrity,boman,irani
lena dunham,lenadunham,lennyletter.com,celebrity,lena,dunham
assi hallani,assihallani,assielhallani.com,celebrity,assi,hallani
leigh francis,LeighFrancis,leighfrancis.tv,celebrity,leigh,francis
willie colí_n,williecolon,williecolon.com,celebrity,willie,colí_n
aljassmi ø_ø_™_™Ê ø_™‹øåø_™ƒ™_,7sainaljassmi,hussainaljassmi.com,celebrity,aljassmi,ø_ø_™_™Ê
the first lady,FLOTUS,whitehouse.gov,celebrity,the,first
eser yenenler,eseryenenler,,celebrity,eser,yenenler
the weeknd,theweeknd,theweeknd.co,celebrity,the,weeknd
pearl jam,PearlJam,pearljam.com,celebrity,pearl,jam
dalnim,AllRiseSilver,,celebrity,dalnim,
shawn michaels,ShawnMichaels,TheShawnMichaels.com,celebrity,shawn,michaels
justin,shitmydadsays,,celebrity,justin,
the vamps,TheVampsband,po.st,celebrity,the,vamps
steve harvey,IAmSteveHarvey,iamsteveharvey.com,celebrity,steve,harvey
ab de villiers,ABdeVilliers17,abdevilliers.com,celebrity,ab,de
erin andrews,ErinAndrews,erinandrews.com,celebrity,erin,andrews
oscar filho,OscarFilho,bit.ly,celebrity,oscar,filho
rajdeep sardesai,sardesairajdeep,rajdeepsardesai.net,celebrity,rajdeep,sardesai
wil screamton,wilw,wilwheaton.net,celebrity,wil,screamton
chris pratt,prattprattpratt,,celebrity,chris,pratt
gabrielle union,itsgabrielleu,,celebrity,gabrielle,union
sertab erener,sertaberener,sertab.com,celebrity,sertab,erener
sonu nigam,sonunigam,sonunigam.in,celebrity,sonu,nigam
can u not,lnsaneTweets,,celebrity,can,u
jason aldean,Jason_Aldean,jasonaldean.com,celebrity,jason,aldean
king mika singh,MikaSingh,mikasingh.in,celebrity,king,mika
chris evans,ChrisEvans,,celebrity,chris,evans
zappos.com ceo -tony,tonyhsieh,deliveringhappiness.com,celebrity,zappos.com,ceo
___ìå___ÎË„,matsu_bouzu,,celebrity,___ìå___ÎË„,
jimmy eat world,jimmyeatworld,jimmyeatworld.com,celebrity,jimmy,eat
mark wright,MarkWright_,,celebrity,mark,wright
cher  ,cher,cher.com,celebrity,cher,
alyssa milano,Alyssa_Milano,Alyssa.com,celebrity,alyssa,milano
lisa surihani,LisaSurihani,,celebrity,lisa,surihani
lorenzo jovanotti,lorenzojova,soleluna.com,celebrity,lorenzo,jovanotti
kevinsmith,ThatKevinSmith,smodcast.com,celebrity,kevinsmith,
mario gí_tze,MarioGoetze,mario-goetze.com,celebrity,mario,gí_tze
barkha dutt,BDUTT,,celebrity,barkha,dutt
the beatles,thebeatles,thebeatles.com,celebrity,the,beatles
™™_øµ™‹ ø_™‹™‰ø_ø_™ƒ,kasimf,,celebrity,™™_øµ™‹,ø_™‹™‰ø_ø_™ƒ
sintonia verso,SintoniaVerso,,celebrity,sintonia,verso
javier alatorre,Javier_Alatorre,,celebrity,javier,alatorre
axel,AxelOficial,axelweb.com.ar,celebrity,axel,
™€ø_øŸ™ƒ ø_™‹ø_ø_™ˆø±,KadimAlSahirORG,,celebrity,™€ø_øŸ™ƒ,ø_™‹ø_ø_™ˆø±
nil karaibrahimgil,Niltakipte,niltakipte.com,celebrity,nil,karaibrahimgil
earvin magic johnson,MagicJohnson,,celebrity,earvin,magic
basti schweinsteiger,BSchweinsteiger,bastian-schweinsteiger.de,celebrity,basti,schweinsteiger
kevin pietersen,KP24,,celebrity,kevin,pietersen
andreu buenafuente,Buenafuente,andreubuenafuente.com,celebrity,andreu,buenafuente
ashlee simpson ross,ashleesimpson,ashleesimpsonmusic.com,celebrity,ashlee,simpson
pablo alboríçn,pabloalboran,pabloalboran.es,celebrity,pablo,alboríçn
santiago segura,SSantiagosegura,,celebrity,santiago,segura
dr. dre,drdre,drdre.com,celebrity,dr.,dre
kat graham,KatGraham,katgraham.com,celebrity,kat,graham
elon musk,elonmusk,,celebrity,elon,musk
mark wahlberg,mark_wahlberg,,celebrity,mark,wahlberg
deddy mahendra desta,desta80s,id.m.wikipedia.org,celebrity,deddy,mahendra
missy elliott,MissyElliott,,celebrity,missy,elliott
alfie deyes,PointlessBlog,YouTube.com,celebrity,alfie,deyes
maria gadí_,mariagadu,mariagadu.net,celebrity,maria,gadí_
solenn heussaff,solennheussaff,,celebrity,solenn,heussaff
denny cagur ,DennyCagur,bit.ly,celebrity,denny,cagur
lukas-podolski.com,Podolski10,strassenkicker.com,celebrity,lukas-podolski.com,
rohit sharma ,ImRo45,,celebrity,rohit,sharma
macklemore,macklemore,DowntownTheSong.com,celebrity,macklemore,
william levy,willylevy29,,celebrity,william,levy
mike epps,TheRealMikeEpps,mikeepps.com,celebrity,mike,epps
tarkan,tarkan,tarkan.com,celebrity,tarkan,
craque neto 10,10neto,craqueneto10.com.br,celebrity,craque,neto
carolina dieckmann,cadieckmann,,celebrity,carolina,dieckmann
fanny lu,FannyLu,fannylu.com,celebrity,fanny,lu
the killers,thekillers,thekillersmusic.com,celebrity,the,killers
dadcula,markhoppus,himynameismark.com,celebrity,dadcula,
ha*ash,haashoficial,ha-ash.com,celebrity,ha*ash,
german paoloski,germanpaoloski,,celebrity,german,paoloski
elizabeth gillies,LizGillies,youtube.com,celebrity,elizabeth,gillies
lee min ho,ActorLeeMinHo,,celebrity,lee,min
markus persson,notch,notch.net,celebrity,markus,persson
yal۱n,YALINonline,yalinonline.com,celebrity,yal۱n,
dermot o'leary,radioleary,johnnoel.com,celebrity,dermot,o'leary
emilio lovera,Elovera22,emiliolovera.com,celebrity,emilio,lovera
russell westbrook,russwest44,,celebrity,russell,westbrook
henry lau,henrylau89,,celebrity,henry,lau
trevor noah,Trevornoah,trevornoah.com,celebrity,trevor,noah
onerepublic,OneRepublic,onerepublic.com,celebrity,onerepublic,
arjun rampal,rampalarjun,,celebrity,arjun,rampal
official jkt48,officialJKT48,jkt48.com,celebrity,official,jkt48
farah khan,TheFarahKhan,,celebrity,farah,khan
ryan sheckler,RyanSheckler,ryansheckler.com,celebrity,ryan,sheckler
nicolas vazquez,vazqueznico,agenciafarrell.com,celebrity,nicolas,vazquez
chris hardwick,hardwick,,celebrity,chris,hardwick
ílvaro morata,AlvaroMorata,alvaromorata9.com,celebrity,ílvaro,morata
kerry washington,kerrywashington,kerrywashington.com,celebrity,kerry,washington
rafael cortez,cortezrafa,rafaelcortez.com,celebrity,rafael,cortez
marcelo adnet,marceloadnet0,gshow.com,celebrity,marcelo,adnet
ø_™ƒø± ø_™‹™ƒ™‹ø_™ƒ,Omar_Almulhem,,celebrity,ø_™ƒø±,ø_™‹™ƒ™‹ø_™ƒ
 bethany mota äš_ ,BethanyMota,youtube.com,celebrity,,bethany
thiago alcantara,Thiago6,thiagoalcantara6.com,celebrity,thiago,alcantara
carlos penavega,TheCarlosPena,lexlos.com,celebrity,carlos,penavega
alfredo flores,AlfredoFlores,,celebrity,alfredo,flores
jack gilinsky,jackgilinsky,apple.co,celebrity,jack,gilinsky
carole samaha,CAROLE_SAMAHA,,celebrity,carole,samaha
tony robbins,TonyRobbins,tonyrobbins.com,celebrity,tony,robbins
carolina cruz osorio,carocruzosorio,,celebrity,carolina,cruz
gary valenciano,GaryValenciano1,garyv.com,celebrity,gary,valenciano
kendra wilkinson,KendraWilkinson,,celebrity,kendra,wilkinson
the next brandy,4everBrandy,,celebrity,the,next
gordon ramsay,GordonRamsay,gordonramsay.com,celebrity,gordon,ramsay
chris gayle,henrygayle,,celebrity,chris,gayle
joseph s blatter,SeppBlatter,,celebrity,joseph,s
"tyler, the creator",fucktyler,golfwang.com,celebrity,"tyler,",the
kenan doÛôulu,kenandogulu,,celebrity,kenan,doÛôulu
rory mcilroy,McIlroyRory,rorymcilroy.com,celebrity,rory,mcilroy
_ñ_Áãó_Ÿ__ _«_Áãó_é_Á______,Garik2000,,celebrity,_ñ_Áãó_Ÿ__,_«_Áãó_é_Á______
gisella anastasia,gisel_la,,celebrity,gisella,anastasia
paul walker,RealPaulWalker,paulwalkerfoundation.org,celebrity,paul,walker
yasser.s.alqahtani,YASSER_Q_Y20,alqanas.com.sa,celebrity,yasser.s.alqahtani,
farruko,FarrukoPR,smarturl.it,celebrity,farruko,
jhong hilario,jhongsample,,celebrity,jhong,hilario
dr. angelo carbone,drangelocarbone,drangelocarbone.wordpress.com,celebrity,dr.,angelo
flor de la ve,Flordelav,WWW.FLORDELAVE.COM,celebrity,flor,de
ian mckellen,IanMcKellen,McKellen.com,celebrity,ian,mckellen
xian lim,XianLimm,xianlimm.com,celebrity,xian,lim
samir nasri official,SamNasri19,,celebrity,samir,nasri
zaira nara,zairana,zairanara.com,celebrity,zaira,nara
deepak chopra,DeepakChopra,deepakchopra.com,celebrity,deepak,chopra
larry king,kingsthings,ora.tv,celebrity,larry,king
anggun official,Anggun_Cipta,anggun.com,celebrity,anggun,official
ice cube,icecube,icecube.com,celebrity,ice,cube
lara dutta bhupathi,LaraDutta,mylaradutta.com,celebrity,lara,dutta
david lynch,DAVID_LYNCH,davidlynch.com,celebrity,david,lynch
alejandra azcírate,LAAZCARATE,,celebrity,alejandra,azcírate
jeremy piven,jeremypiven,imdb.com,celebrity,jeremy,piven
fifth harmony,FifthHarmony,smarturl.it,celebrity,fifth,harmony
felicia day,feliciaday,feliciaday.com,celebrity,felicia,day
shraddha kapoor,ShraddhaKapoor,,celebrity,shraddha,kapoor
#øÈø±™€™__ø_™‹ø¿ø¬™_™‹,TurkiAldakhil,alarabiya.net,celebrity,#øÈø±™€™__ø_™‹ø¿ø¬™_™‹,
biz stone,biz,jelly.co,celebrity,biz,stone
oscar d' leon,OscarDLeon,youtube.com,celebrity,oscar,d'
tom daley,TomDaley1994,tomdaley.tv,celebrity,tom,daley
chris colfer,chriscolfer,thelandofstories.com,celebrity,chris,colfer
ashley cole,TheRealAC3,,celebrity,ashley,cole
chris jericho,IAmJericho,chris-jericho.org,celebrity,chris,jericho
jack johnson,JackJackJohnson,itun.es,celebrity,jack,johnson
dani bolina,Dbolina,,celebrity,dani,bolina
joey graceffa,JoeyGraceffa,youtube.com,celebrity,joey,graceffa
joe sugg,Joe_Sugg,,celebrity,joe,sugg
kate del castillo,katedelcastillo,katedelcastillo.us,celebrity,kate,del
Î_‚__£_©,masason,softbank.co.jp,celebrity,Î_‚__£_©,
aaron paul,aaronpaul_8,slashfilm.com,celebrity,aaron,paul
manny pacquiao,MannyPacquiaoTR,,celebrity,manny,pacquiao
lauren london,MsLaurenLondon,,celebrity,lauren,london
paul mccartney,PaulMcCartney,PaulMcCartney.com,celebrity,paul,mccartney
ross lynch,rossR5,R5rocks.com,celebrity,ross,lynch
mandy moore,TheMandyMoore,,celebrity,mandy,moore
adam lambert,adamlambert,adamofficial.com,celebrity,adam,lambert
anand mahindra,anandmahindra,mahindra.com,celebrity,anand,mahindra
bill nye,BillNye,billnyebooks.com,celebrity,bill,nye
ä»_ àÇ¾ôàÇó àÇó¾ô–ñàÇó¾óàÇˆs ä»_¥_ôhkj,OlaAlfares,nashamahkj.org,celebrity,ä»_,àÇ¾ôàÇó
soimah,showimah,,celebrity,soimah,
greyson chance,greysonchance,greyson-official.com,celebrity,greyson,chance
jim gaffigan,JimGaffigan,jimgaffigan.com,celebrity,jim,gaffigan
denise richards,DENISE_RICHARDS,deniserichards.com,celebrity,denise,richards
stephen a smith,stephenasmith,stephena.com,celebrity,stephen,a
richard hammond,RichardHammond,thehamsterscage.co.uk,celebrity,richard,hammond
risto mejide,ristomejide,ristomejide.com,celebrity,risto,mejide
iqbaaldhiafakhri-idr,iqbaale,,celebrity,iqbaaldhiafakhri-idr,
davina mccall,ThisisDavina,thisisdavina.com,celebrity,davina,mccall
david ospina,D_Ospina1,,celebrity,david,ospina
emre ayd۱n,emreaydin,emreaydin.org,celebrity,emre,ayd۱n
raphaí‚l varane,raphaelvarane,raphael-varane.net,celebrity,raphaí‚l,varane
j alvarez flow,JAlvarezFlow,youtu.be,celebrity,j,alvarez
christian bautista,xtianbautista,christianbautistaonline.com,celebrity,christian,bautista
carter reynolds,carterreynolds,youtube.com,celebrity,carter,reynolds
kyrie irving,KyrieIrving,,celebrity,kyrie,irving
yosri fouda,YosriFouda,YosriFouda.com,celebrity,yosri,fouda
ruffa gutierrez,iloveruffag,iloveruffag.com,celebrity,ruffa,gutierrez
äÖ¥Ÿ_jc,jccaylen,kianandjctour.com,celebrity,äÖ¥Ÿ_jc,
shy'm,shymofficiel,shymofficiel.com,celebrity,shy'm,
anthony bourdain,Bourdain,,celebrity,anthony,bourdain
rachel zoe,RachelZoe,thezoereport.com,celebrity,rachel,zoe
dj khaled,djkhaled,,celebrity,dj,khaled
angelica vale,angelicavale,,celebrity,angelica,vale
jason segel,jasonsegel,,celebrity,jason,segel
andhika pratama,dhikacungkring,,celebrity,andhika,pratama
robbie williams,robbiewilliams,robbiewilliams.com,celebrity,robbie,williams
james may,MrJamesMay,,celebrity,james,may
zaheer khan,ImZaheer,zaheerkhans.com,celebrity,zaheer,khan
lottie tomlinson,lottietommo,lottietomlinson.com,celebrity,lottie,tomlinson
jackson harries,JackHarries,jacksgap.com,celebrity,jackson,harries
wanda icardi,wandaicardi,,celebrity,wanda,icardi
kendall schmidt,HeffronDrive,itun.es,celebrity,kendall,schmidt
karylletatlonghari,anakarylle,ph.omg.yahoo.com,celebrity,karylletatlonghari,
el moreno michael,elmorenomichael,elmorenomichael.tv,celebrity,el,moreno
jeremy bieber,JeremyBieber,shots.me,celebrity,jeremy,bieber
nathan kress,NathanKress,imdb.com,celebrity,nathan,kress
hardwell,HARDWELL,,celebrity,hardwell,
charlotte crosby,Charlottegshore,officialcharlottecrosby.com,celebrity,charlotte,crosby
sarah sechan,sarseh,,celebrity,sarah,sechan
hadise acikgoz,Hadise,twist.com.tr,celebrity,hadise,acikgoz
sidharth malhotra,S1dharthM,,celebrity,sidharth,malhotra
cyril hanouna,Cyrilhanouna,teamhanouna.com,celebrity,cyril,hanouna
tom hiddleston,twhiddleston,,celebrity,tom,hiddleston
rajinikanth,superstarrajini,,celebrity,rajinikanth,
maníç,manaoficial,mana.com.mx,celebrity,maníç,
coach,CMPunk,cmpunk.com,celebrity,coach,
marcus butler,MarcusButler,youtube.com,celebrity,marcus,butler
ÎÁÎ_† _»_ì,kojiharunyan,,celebrity,ÎÁÎ_†,_»_ì
andrí©s cepeda,andrescepeda,andrescepeda.com.co,celebrity,andrí©s,cepeda
patton oswalt,pattonoswalt,pattonoswalt.com,celebrity,patton,oswalt
triple h,TripleH,,celebrity,triple,h
jodi sta.maria,JodiStaMaria,,celebrity,jodi,sta.maria
sebastian rulli,sebastianrulli,rullinaticasworld.blogspot.com.es,celebrity,sebastian,rulli
carlos baute,carlosbaute,carlosbauteoficial.com,celebrity,carlos,baute
audrina patridge,AudrinaPatridge,audrinapatridge.com,celebrity,audrina,patridge
danna paola,dannapaola,,celebrity,danna,paola
siyovush dustov,siyovushdustov,siyovushdustov.com,celebrity,siyovush,dustov
katt williams,KattPackAllDay,,celebrity,katt,williams
ø¬ø_™‹ø¿ ø_™‹øÇ™Ê™_™,k_alshenaif,,celebrity,ø¬ø_™‹ø¿,ø_™‹øÇ™Ê™_™
pepe,officialpepe,,celebrity,pepe,
levent íìzí_mcí_,LeventUzumcu,leventuzumcu.com,celebrity,levent,íìzí_mcí_
lady antebellum,ladyantebellum,ladyantebellum.com,celebrity,lady,antebellum
nx zero,nxzerooficial,nxzero.com.br,celebrity,nx,zero
shane warne,ShaneWarne,shanewarne.com,celebrity,shane,warne
ø_ø¿™Êø_™Ê ø_™‹ø_ø±ø_™šø±,AdnanAlarour,islamwasat.com,celebrity,ø_ø¿™Êø_™Ê,ø_™‹ø_ø±ø_™šø±
dynamo,Dynamomagician,,celebrity,dynamo,
booba,booba,,celebrity,booba,
mustafa hosny,MustafaHosny,mustafahosny.com,celebrity,mustafa,hosny
french montana,FrencHMonTanA,frenchmontanamusic.com,celebrity,french,montana
keith urban,KeithUrban,keithurban.net,celebrity,keith,urban
xuxa.com,xuxameneghel,xuxa.com,celebrity,xuxa.com,
ismael cala,cala,ismaelcala.com,celebrity,ismael,cala
¿æîÁ__é_ˆëÎ_,mariko_dayo,mariko-shinoda.net,celebrity,¿æîÁ__é_ˆëÎ_,
dani martí_nez,danimartinezweb,danimartinez.es,celebrity,dani,martí_nez
najwa shihab,NajwaShihab,,celebrity,najwa,shihab
adal ramones,AdalRamones,,celebrity,adal,ramones
ferry yolanda f,Ferrynimous,soundcloud.com,celebrity,ferry,yolanda
belal fadl,belalfadl,,celebrity,belal,fadl
giovani dos santos,OficialGio,oficialgio.com,celebrity,giovani,dos
mike vick,MikeVick,fanduel.com,celebrity,mike,vick
marco reus,woodyinho,marcoreus.de,celebrity,marco,reus
bob saget,bobsaget,bobsaget.com,celebrity,bob,saget
tom felton,TomFelton,,celebrity,tom,felton
sharon osbourne,MrsSOsbourne,sharonosbourne.com,celebrity,sharon,osbourne
martin garrix,MartinGarrix,martingarrix.com,celebrity,martin,garrix
steve nash,SteveNash,,celebrity,steve,nash
ananda omesh,omeshomesh,anomindonesia.com,celebrity,ananda,omesh
jota quest oficial,jotaquest,jotaquest.com.br,celebrity,jota,quest
maria shriver,mariashriver,mariashriver.com,celebrity,maria,shriver
thomas mí_ller,esmuellert_,es-muellert-wieder.de,celebrity,thomas,mí_ller
al ghazali kohler,AlKohler7KEPO,,celebrity,al,ghazali
yusuf mansur,Yusuf_Mansur,yusufmansur.com,celebrity,yusuf,mansur
vincent kompany,VincentKompany,,celebrity,vincent,kompany
willie robertson,williebosshog,,celebrity,willie,robertson
stromae,Stromae,stromae.net,celebrity,stromae,
neil gaiman,neilhimself,neilgaiman.com,celebrity,neil,gaiman
moez masoud,MoezMasoud,,celebrity,moez,masoud
david spade,DavidSpade,,celebrity,david,spade
paula abdul,PaulaAbdul,PaulaAbdul.com,celebrity,paula,abdul
daniel bryan,WWEDanielBryan,,celebrity,daniel,bryan
derrick rose,drose,drosehoops.com,celebrity,derrick,rose
fabio coentrao,Fabio_Coentrao,,celebrity,fabio,coentrao
ayse ozyilmazel,ayseozyilmazel,ayseozyilmazel.net,celebrity,ayse,ozyilmazel
fernando alonso,alo_oficial,fernandoalonso.com,celebrity,fernando,alonso
rebel wilson,RebelWilson,,celebrity,rebel,wilson
michael bublí©,michaelbuble,michaelbuble.com,celebrity,michael,bublí©
robi domingo,robertmarion,,celebrity,robi,domingo
bonno van der putten,bonnovanderputt,,celebrity,bonno,van
_ahan gí_kbakar,sgokbakar,,celebrity,_ahan,gí_kbakar
anthony padilla,smoshanthony,SMOSHTheMovie.com,celebrity,anthony,padilla
luke brooks,luke_brooks,m.youtube.com,celebrity,luke,brooks
depeche mode,depechemode,depechemode.com,celebrity,depeche,mode
amy schumer,amyschumer,amyschumer.com,celebrity,amy,schumer
craig ferguson,CraigyFerg,,celebrity,craig,ferguson
fatin shidqia lubis,FatinSL,fatinsl.com,celebrity,fatin,shidqia
_ì_Ÿãƒ_Á_Ÿ_é _„_Á_Ç__ãó______,mnzadornov,youtube.com,celebrity,_ì_Ÿãƒ_Á_Ÿ_é,_„_Á_Ç__ãó______
ayushmann khurrana,ayushmannk,ayushmannk.tumblr.com,celebrity,ayushmann,khurrana
birdman,BIRDMAN5STAR,stunnalife.com,celebrity,birdman,
dani suzuki,danisuzuki,danisuzuki.com.br,celebrity,dani,suzuki
kylie minogue,kylieminogue,Kylie.com,celebrity,kylie,minogue
zedd,Zedd,smarturl.it,celebrity,zedd,
troian,SleepintheGardn,katuriankaturiankaturian.tumblr.com,celebrity,troian,
juicy j,therealjuicyj,thejuicyj.com,celebrity,juicy,j
manu gavassi,manugavassi,manugavassi.com.br,celebrity,manu,gavassi
seu jorge,soujorge,seujorge.com,celebrity,seu,jorge
